date,FEDFUNDS,DGS1MO,DGS3MO,DGS6MO,DGS1,DGS2,DGS3,DGS5,DGS7,DGS10,DGS20,DGS30
2006-02-12,4.49,4.34,4.525,4.6850000000000005,4.68,4.675000000000001,4.645,4.57,4.57,4.5649999999999995,4.74,4.529999999999999
2006-02-19,4.49,4.39,4.55,4.7,4.7,4.69,4.67,4.59,4.59,4.59,4.77,4.57
2006-02-26,4.49,4.44,4.57,4.73,4.73,4.71,4.68,4.59,4.58,4.56,4.71,4.51
2006-03-05,4.59,4.45,4.62,4.75,4.74,4.72,4.71,4.66,4.61,4.59,4.74,4.56
2006-03-12,4.59,4.45,4.6,4.77,4.77,4.74,4.77,4.76,4.74,4.74,4.91,4.72
2006-03-19,4.59,4.49,4.62,4.8,4.75,4.66,4.72,4.68,4.69,4.71,4.89,4.72
2006-03-26,4.59,4.66,4.67,4.81,4.78,4.72,4.71,4.68,4.69,4.7,4.91,4.73
2006-04-02,4.59,4.665,4.63,4.82,4.82,4.82,4.82,4.805,4.8100000000000005,4.835,5.045,4.865
2006-04-09,4.79,4.64,4.68,4.85,4.85,4.84,4.83,4.84,4.86,4.88,5.09,4.91
2006-04-16,4.79,4.62,4.7,4.91,4.91,4.91,4.9,4.91,4.93,4.98,5.22,5.05
2006-04-23,4.79,4.55,4.73,4.9,4.9,4.89,4.89,4.92,4.96,5.01,5.25,5.1
2006-04-30,4.79,4.63,4.78,4.93,4.93,4.91,4.92,4.95,5.0,5.07,5.31,5.17
2006-05-07,4.94,4.61,4.82,5.0,4.98,4.94,4.96,4.99,5.04,5.14,5.38,5.23
2006-05-14,4.94,4.64,4.87,5.03,5.01,4.99,5.0,5.03,5.06,5.13,5.35,5.2
2006-05-21,4.94,4.75,4.83,5.0,4.98,4.96,4.97,4.99,5.03,5.1,5.36,5.22
2006-05-28,4.94,4.74,4.83,5.02,5.0,4.96,4.94,4.95,4.97,5.06,5.3,5.16
2006-06-04,4.94,4.75,4.84,5.04,5.02,4.99,4.99,4.99,5.01,5.09,5.33,5.19
2006-06-11,4.99,4.78,4.86,5.06,5.04,5.01,4.96,4.95,4.96,5.01,5.22,5.08
2006-06-18,4.99,4.68,4.89,5.16,5.15,5.11,5.06,5.03,5.04,5.05,5.23,5.09
2006-06-25,4.99,4.66,4.92,5.24,5.23,5.2,5.16,5.14,5.14,5.16,5.33,5.19
2006-07-02,4.99,4.705,5.01,5.285,5.265000000000001,5.225,5.205,5.18,5.1899999999999995,5.215,5.385,5.25
2006-07-09,5.24,4.8,5.02,5.31,5.26,5.17,5.14,5.11,5.12,5.15,5.33,5.2
2006-07-16,5.24,4.88,5.06,5.3,5.26,5.17,5.11,5.07,5.08,5.1,5.26,5.14
2006-07-23,5.24,4.91,5.11,5.28,5.22,5.12,5.06,5.02,5.02,5.06,5.22,5.1
2006-07-30,5.24,5.0,5.1,5.21,5.16,5.07,5.02,4.99,5.0,5.05,5.22,5.11
2006-08-06,5.25,5.18,5.1,5.18,5.11,4.97,4.91,4.9,4.91,4.96,5.14,5.05
2006-08-13,5.25,5.14,5.07,5.16,5.08,4.93,4.89,4.86,4.87,4.93,5.13,5.05
2006-08-20,5.25,5.15,5.1,5.19,5.08,4.89,4.84,4.82,4.82,4.87,5.08,5.0
2006-08-27,5.25,5.17,5.1,5.17,5.07,4.87,4.79,4.77,4.77,4.82,5.03,4.95
2006-09-03,5.25,5.16,5.05,5.14,5.03,4.83,4.76,4.72,4.72,4.76,4.98,4.91
2006-09-10,5.25,4.89,4.97,5.12,5.02,4.8,4.73,4.73,4.74,4.78,5.01,4.93
2006-09-17,5.25,4.78,4.93,5.12,5.02,4.83,4.77,4.74,4.75,4.79,4.99,4.92
2006-09-24,5.25,4.73,4.93,5.09,4.99,4.79,4.72,4.69,4.69,4.73,4.93,4.85
2006-10-01,5.25,4.6,4.88,5.015,4.905,4.68,4.595,4.5649999999999995,4.57,4.615,4.824999999999999,4.745
2006-10-08,5.25,4.76,4.93,5.02,4.9,4.66,4.59,4.56,4.57,4.62,4.83,4.76
2006-10-15,5.25,4.9,5.02,5.11,5.02,4.85,4.78,4.74,4.74,4.78,4.99,4.91
2006-10-22,5.25,5.02,5.09,5.15,5.05,4.85,4.78,4.75,4.75,4.79,4.99,4.91
2006-10-29,5.25,5.14,5.12,5.18,5.08,4.88,4.79,4.75,4.75,4.78,4.98,4.89
2006-11-05,5.25,5.18,5.08,5.13,4.99,4.71,4.62,4.57,4.57,4.61,4.81,4.72
2006-11-12,5.25,5.2,5.09,5.16,5.02,4.75,4.66,4.61,4.61,4.64,4.82,4.73
2006-11-19,5.25,5.22,5.09,5.16,5.03,4.76,4.67,4.6,4.6,4.61,4.8,4.69
2006-11-26,5.25,5.25,5.05,5.15,5.01,4.74,4.63,4.57,4.57,4.57,4.76,4.65
2006-12-03,5.25,5.22,5.04,5.13,4.98,4.67,4.57,4.5,4.5,4.51,4.7,4.59
2006-12-10,5.24,4.91,4.99,5.05,4.9,4.58,4.48,4.44,4.44,4.48,4.69,4.6
2006-12-17,5.24,4.86,4.93,5.07,4.95,4.7,4.6,4.54,4.55,4.58,4.78,4.69
2006-12-24,5.24,4.84,4.96,5.08,4.96,4.71,4.62,4.57,4.57,4.6,4.82,4.73
2006-12-31,5.24,4.75,4.99,5.1,4.99,4.77,4.69,4.64,4.64,4.66,4.87,4.78
2007-01-07,5.25,4.8,5.05,5.09,4.98,4.76,4.69,4.66,4.66,4.67,4.85,4.77
2007-01-14,5.25,4.94,5.09,5.13,5.02,4.81,4.72,4.68,4.68,4.69,4.87,4.77
2007-01-21,5.25,4.98,5.12,5.16,5.07,4.89,4.81,4.76,4.76,4.77,4.96,4.86
2007-01-28,5.25,4.98,5.13,5.18,5.1,4.94,4.85,4.81,4.81,4.81,5.0,4.91
2007-02-04,5.25,4.99,5.13,5.16,5.09,4.96,4.88,4.84,4.84,4.84,5.02,4.93
2007-02-11,5.26,5.15,5.15,5.16,5.07,4.9,4.8,4.76,4.76,4.77,4.96,4.87
2007-02-18,5.26,5.23,5.17,5.16,5.06,4.87,4.77,4.72,4.72,4.74,4.94,4.83
2007-02-25,5.26,5.25,5.18,5.16,5.05,4.82,4.73,4.68,4.68,4.69,4.9,4.79
2007-03-04,5.26,5.23,5.15,5.11,4.95,4.63,4.54,4.5,4.51,4.56,4.78,4.68
2007-03-11,5.26,5.24,5.1,5.09,4.91,4.56,4.49,4.45,4.46,4.51,4.74,4.65
2007-03-18,5.26,5.22,5.06,5.12,4.93,4.57,4.5,4.46,4.47,4.54,4.78,4.69
2007-03-25,5.26,5.23,5.06,5.1,4.93,4.6,4.51,4.49,4.51,4.58,4.81,4.72
2007-04-01,5.26,5.125,5.055,5.07,4.9,4.58,4.515,4.515000000000001,4.54,4.63,4.9,4.83
2007-04-08,5.25,5.12,5.05,5.09,4.93,4.63,4.57,4.56,4.59,4.67,4.93,4.85
2007-04-15,5.25,5.0,5.03,5.1,4.97,4.73,4.66,4.66,4.67,4.74,5.0,4.92
2007-04-22,5.25,4.94,5.0,5.05,4.91,4.64,4.58,4.57,4.6,4.68,4.93,4.85
2007-04-29,5.25,4.92,4.97,5.03,4.9,4.63,4.55,4.55,4.57,4.66,4.91,4.83
2007-05-06,5.25,4.74,4.9,5.03,4.9,4.65,4.57,4.55,4.58,4.65,4.89,4.81
2007-05-13,5.25,4.76,4.88,4.99,4.9,4.7,4.6,4.56,4.58,4.65,4.9,4.83
2007-05-20,5.25,4.78,4.83,4.91,4.86,4.75,4.66,4.63,4.65,4.71,4.95,4.88
2007-05-27,5.25,4.99,4.91,5.01,4.95,4.85,4.79,4.79,4.8,4.86,5.09,5.0
2007-06-03,5.25,4.94,4.85,4.98,4.96,4.89,4.85,4.83,4.84,4.88,5.09,5.01
2007-06-10,5.25,4.78,4.8,4.97,4.99,4.99,4.97,4.96,4.96,4.98,5.17,5.08
2007-06-17,5.25,4.62,4.66,4.94,4.98,5.08,5.1,5.13,5.16,5.2,5.36,5.28
2007-06-24,5.25,4.42,4.7,4.95,4.95,4.97,5.01,5.05,5.09,5.14,5.34,5.25
2007-07-01,5.25,4.28,4.82,4.95,4.9399999999999995,4.885,4.925,4.97,5.015,5.09,5.28,5.2
2007-07-08,5.26,4.76,4.95,5.02,4.98,4.89,4.9,4.95,4.99,5.05,5.22,5.14
2007-07-15,5.26,4.73,4.97,5.05,5.01,4.94,4.95,5.01,5.05,5.11,5.27,5.19
2007-07-22,5.26,4.77,4.97,5.06,5.0,4.87,4.88,4.94,4.98,5.04,5.2,5.12
2007-07-29,5.26,4.98,4.99,5.05,4.95,4.74,4.74,4.8,4.85,4.92,5.12,5.04
2007-08-05,5.02,5.02,4.89,4.96,4.83,4.56,4.55,4.6,4.67,4.77,5.0,4.91
2007-08-12,5.02,4.92,4.88,4.92,4.76,4.49,4.51,4.59,4.66,4.79,5.1,5.01
2007-08-19,5.02,4.18,4.21,4.48,4.41,4.27,4.31,4.41,4.52,4.69,5.06,5.0
2007-08-26,5.02,3.17,3.67,4.17,4.15,4.15,4.19,4.34,4.46,4.63,5.0,4.95
2007-09-02,5.02,4.02,4.01,4.255,4.215,4.145,4.16,4.25,4.36,4.54,4.885,4.845000000000001
2007-09-09,4.94,4.28,4.29,4.41,4.28,4.08,4.09,4.2,4.32,4.51,4.84,4.79
2007-09-16,4.94,4.0,4.03,4.22,4.16,3.95,3.99,4.11,4.23,4.41,4.72,4.68
2007-09-23,4.94,3.62,3.93,4.11,4.09,4.06,4.11,4.21,4.33,4.53,4.86,4.83
2007-09-30,4.94,3.34,3.79,4.07,4.04,3.97,4.07,4.26,4.41,4.63,4.94,4.88
2007-10-07,4.76,3.63,3.96,4.16,4.11,4.02,4.06,4.24,4.37,4.55,4.85,4.79
2007-10-14,4.76,3.81,4.06,4.27,4.23,4.15,4.21,4.37,4.49,4.66,4.94,4.87
2007-10-21,4.76,3.74,4.01,4.17,4.11,4.0,4.04,4.22,4.36,4.57,4.88,4.82
2007-10-28,4.76,3.92,3.96,4.05,3.96,3.77,3.79,4.04,4.19,4.41,4.73,4.68
2007-11-04,4.76,3.96,3.94,4.07,3.98,3.79,3.84,4.04,4.19,4.39,4.71,4.66
2007-11-11,4.49,3.77,3.49,3.76,3.71,3.61,3.6,3.92,4.09,4.34,4.7,4.66
2007-11-18,4.49,3.74,3.4,3.64,3.57,3.42,3.44,3.77,3.96,4.23,4.64,4.61
2007-11-25,4.49,3.64,3.23,3.39,3.28,3.07,3.1,3.42,3.67,4.01,4.49,4.46
2007-12-02,4.49,3.58,3.1399999999999997,3.37,3.26,3.045,3.09,3.41,3.64,3.96,4.42,4.380000000000001
2007-12-09,4.24,3.15,3.07,3.28,3.15,2.9,2.93,3.28,3.55,3.92,4.42,4.39
2007-12-16,4.24,2.89,2.88,3.22,3.22,3.17,3.19,3.54,3.8,4.15,4.64,4.6
2007-12-23,4.24,2.66,3.0,3.37,3.31,3.19,3.2,3.53,3.78,4.14,4.6,4.55
2007-12-30,4.24,2.75,3.32,3.57,3.46,3.24,3.25,3.65,3.89,4.23,4.67,4.62
2008-01-06,3.94,3.09,3.26,3.32,3.17,2.88,2.89,3.28,3.54,3.91,4.41,4.37
2008-01-13,3.94,3.31,3.24,3.22,3.04,2.71,2.74,3.16,3.46,3.86,4.39,4.35
2008-01-20,3.94,3.14,3.14,3.05,2.86,2.51,2.55,3.0,3.3,3.72,4.3,4.28
2008-01-27,3.94,2.15,2.35,2.41,2.34,2.23,2.28,2.81,3.15,3.61,4.3,4.28
2008-02-03,3.94,1.93,2.21,2.29,2.3,2.2,2.27,2.82,3.19,3.67,4.35,4.34
2008-02-10,2.98,2.19,2.19,2.13,2.06,1.96,2.11,2.69,3.11,3.64,4.37,4.37
2008-02-17,2.98,2.5,2.31,2.12,2.05,1.93,2.13,2.71,3.14,3.7,4.48,4.52
2008-02-24,2.98,2.37,2.21,2.14,2.08,1.98,2.24,2.81,3.26,3.79,4.55,4.58
2008-03-02,2.98,2.145,1.94,1.9849999999999999,1.97,1.94,2.175,2.81,3.25,3.7800000000000002,4.5649999999999995,4.6
2008-03-09,2.61,1.91,1.53,1.75,1.72,1.61,1.84,2.5,3.0,3.62,4.49,4.55
2008-03-16,2.61,1.63,1.35,1.5,1.54,1.63,1.81,2.49,2.93,3.49,4.39,4.45
2008-03-23,2.61,0.37,0.63,1.22,1.33,1.58,1.71,2.36,2.78,3.34,4.2,4.22
2008-03-30,2.61,1.32,1.29,1.5,1.57,1.73,1.88,2.61,3.0,3.51,4.31,4.33
2008-04-06,2.28,1.55,1.4,1.53,1.63,1.83,1.98,2.65,3.04,3.57,4.4,4.38
2008-04-13,2.28,1.06,1.31,1.51,1.61,1.84,2.02,2.66,3.05,3.55,4.33,4.34
2008-04-20,2.28,0.86,1.12,1.49,1.65,1.98,2.2,2.82,3.21,3.72,4.49,4.51
2008-04-27,2.28,0.8,1.27,1.66,1.86,2.24,2.45,2.98,3.32,3.77,4.49,4.49
2008-05-04,2.28,1.23,1.45,1.73,1.94,2.36,2.55,3.11,3.42,3.85,4.56,4.55
2008-05-11,1.98,1.55,1.66,1.75,1.94,2.31,2.56,3.09,3.45,3.87,4.58,4.58
2008-05-18,1.98,1.85,1.83,1.9,2.08,2.47,2.7,3.12,3.43,3.85,4.57,4.58
2008-05-25,1.98,1.95,1.86,1.9,2.07,2.42,2.68,3.09,3.4,3.83,4.55,4.56
2008-06-01,1.98,1.98,1.89,1.97,2.185,2.64,2.93,3.385,3.6550000000000002,4.045,4.73,4.715
2008-06-08,2.0,1.85,1.85,2.0,2.14,2.47,2.78,3.26,3.55,3.98,4.69,4.68
2008-06-15,2.0,1.91,1.99,2.24,2.53,2.91,3.2,3.54,3.77,4.11,4.76,4.72
2008-06-22,2.0,1.7,1.93,2.29,2.58,2.94,3.25,3.66,3.89,4.22,4.82,4.76
2008-06-29,2.0,1.49,1.81,2.22,2.48,2.82,3.11,3.52,3.76,4.1,4.7,4.65
2008-07-06,2.01,1.86,1.84,2.1,2.35,2.6,2.87,3.31,3.6,3.99,4.58,4.53
2008-07-13,2.01,1.8,1.82,2.05,2.26,2.47,2.78,3.19,3.49,3.91,4.51,4.46
2008-07-20,2.01,1.36,1.43,1.91,2.23,2.47,2.79,3.2,3.52,3.97,4.64,4.59
2008-07-27,2.01,1.59,1.59,1.93,2.33,2.7,3.01,3.45,3.73,4.13,4.73,4.67
2008-08-03,2.01,1.66,1.7,1.9,2.28,2.59,2.9,3.34,3.64,4.06,4.69,4.63
2008-08-10,2.0,1.61,1.7,1.95,2.26,2.53,2.81,3.23,3.55,3.98,4.62,4.58
2008-08-17,2.0,1.76,1.86,2.0,2.18,2.45,2.73,3.16,3.47,3.91,4.58,4.55
2008-08-24,2.0,1.74,1.72,1.97,2.11,2.33,2.62,3.07,3.39,3.83,4.49,4.46
2008-08-31,2.0,1.63,1.72,1.96,2.17,2.35,2.62,3.06,3.37,3.79,4.42,4.4
2008-09-07,1.81,1.57,1.7,1.9,2.08,2.26,2.48,2.95,3.29,3.71,4.36,4.32
2008-09-14,1.81,1.58,1.65,1.87,2.06,2.23,2.43,2.91,3.23,3.65,4.27,4.23
2008-09-21,1.81,0.26,0.84,1.52,1.66,1.78,2.05,2.64,3.02,3.48,4.14,4.12
2008-09-28,1.81,0.3,0.8,1.57,1.97,2.11,2.4,3.04,3.41,3.85,4.48,4.4
2008-10-05,0.97,0.21,0.85,1.49,1.6,1.7,1.96,2.7,3.13,3.66,4.28,4.16
2008-10-12,0.97,0.19,0.6,1.07,1.27,1.62,1.87,2.7,3.15,3.72,4.31,4.09
2008-10-19,0.97,0.07,0.34,1.07,1.22,1.64,1.9,2.84,3.33,3.99,4.57,4.25
2008-10-26,0.97,0.53,1.05,1.53,1.64,1.57,1.8,2.63,3.08,3.76,4.44,4.11
2008-11-02,0.97,0.225,0.54,1.05,1.385,1.585,1.81,2.785,3.265,3.965,4.63,4.279999999999999
2008-11-09,0.39,0.16,0.4,0.9,1.22,1.36,1.64,2.56,3.06,3.81,4.57,4.2
2008-11-16,0.39,0.1,0.22,0.91,1.16,1.24,1.62,2.43,3.06,3.82,4.5,4.21
2008-11-23,0.39,0.06,0.07,0.66,0.97,1.09,1.36,2.08,2.64,3.38,4.17,3.96
2008-11-30,0.39,0.02,0.05,0.48,0.93,1.09,1.38,2.01,2.43,2.99,3.77,3.54
2008-12-07,0.16,0.02,0.02,0.35,0.7,0.9,1.12,1.65,2.08,2.67,3.45,3.17
2008-12-14,0.16,0.01,0.02,0.22,0.5,0.84,1.15,1.61,2.03,2.67,3.36,3.07
2008-12-21,0.16,0.03,0.03,0.19,0.45,0.73,0.98,1.35,1.7,2.2,3.01,2.66
2008-12-28,0.16,0.01,0.01,0.23,0.4,0.9,1.13,1.53,1.81,2.18,2.93,2.63
2009-01-04,0.16,0.11,0.1,0.27,0.37,0.76,1.0,1.55,1.87,2.25,3.05,2.69
2009-01-11,0.15,0.04,0.11,0.29,0.44,0.8,1.11,1.66,2.02,2.49,3.4,3.04
2009-01-18,0.15,0.04,0.12,0.29,0.43,0.73,1.05,1.44,1.8,2.33,3.22,2.89
2009-01-25,0.15,0.03,0.11,0.3,0.43,0.75,1.11,1.6,1.99,2.56,3.51,3.15
2009-02-01,0.15,0.11000000000000001,0.21000000000000002,0.345,0.495,0.915,1.27,1.775,2.185,2.79,3.79,3.505
2009-02-08,0.22,0.21,0.29,0.4,0.53,0.98,1.4,1.89,2.32,2.95,3.88,3.64
2009-02-15,0.22,0.23,0.3,0.46,0.6,0.93,1.32,1.79,2.23,2.89,3.77,3.54
2009-02-22,0.22,0.23,0.3,0.48,0.64,0.97,1.33,1.81,2.21,2.78,3.82,3.56
2009-03-01,0.22,0.185,0.28,0.48,0.72,1.0150000000000001,1.4,1.99,2.5549999999999997,2.965,3.9050000000000002,3.625
2009-03-08,0.18,0.14,0.26,0.44,0.67,0.91,1.31,1.86,2.54,2.91,3.89,3.64
2009-03-15,0.18,0.12,0.23,0.46,0.7,1.01,1.42,1.92,2.53,2.89,3.84,3.66
2009-03-22,0.18,0.11,0.22,0.41,0.6,0.89,1.23,1.66,2.18,2.65,3.67,3.65
2009-03-29,0.18,0.03,0.19,0.4,0.6,0.93,1.27,1.79,2.34,2.76,3.69,3.66
2009-04-05,0.15,0.17,0.21,0.42,0.58,0.84,1.2,1.72,2.31,2.73,3.63,3.57
2009-04-12,0.15,0.15,0.18,0.39,0.6,0.94,1.36,1.9,2.49,2.95,3.82,3.73
2009-04-19,0.15,0.07,0.15,0.35,0.54,0.89,1.27,1.79,2.36,2.86,3.78,3.69
2009-04-26,0.15,0.07,0.14,0.32,0.52,0.97,1.34,1.89,2.49,2.96,3.9,3.8
2009-05-03,0.15,0.05,0.13,0.3,0.49,0.92,1.39,2.01,2.69,3.12,4.07,4.01
2009-05-10,0.18,0.14,0.19,0.32,0.53,0.98,1.44,2.06,2.7,3.2,4.12,4.09
2009-05-17,0.18,0.15,0.17,0.3,0.52,0.89,1.31,2.01,2.65,3.14,4.07,4.09
2009-05-24,0.18,0.13,0.18,0.3,0.48,0.91,1.36,2.12,2.76,3.25,4.19,4.21
2009-05-31,0.18,0.14,0.17,0.3,0.49,0.96,1.45,2.34,3.06,3.5,4.42,4.45
2009-06-07,0.21,0.08,0.14,0.28,0.47,0.96,1.52,2.55,3.28,3.71,4.56,4.55
2009-06-14,0.21,0.09,0.19,0.31,0.55,1.35,1.97,2.87,3.51,3.88,4.66,4.65
2009-06-21,0.21,0.1,0.17,0.31,0.51,1.25,1.84,2.75,3.39,3.76,4.54,4.52
2009-06-28,0.21,0.1,0.2,0.32,0.5,1.14,1.74,2.71,3.31,3.65,4.36,4.37
2009-07-05,0.16,0.15,0.17,0.33,0.51,1.05,1.57,2.51,3.18,3.51,4.29,4.32
2009-07-12,0.16,0.15,0.19,0.27,0.46,0.94,1.46,2.33,3.01,3.44,4.25,4.31
2009-07-19,0.16,0.15,0.18,0.28,0.47,1.0,1.54,2.46,3.13,3.59,4.43,4.45
2009-07-26,0.16,0.15,0.19,0.28,0.47,0.99,1.54,2.46,3.14,3.61,4.45,4.47
2009-08-02,0.16,0.14,0.185,0.26,0.485,1.13,1.645,2.63,3.3049999999999997,3.6799999999999997,4.465,4.470000000000001
2009-08-09,0.16,0.15,0.18,0.28,0.48,1.22,1.77,2.73,3.39,3.79,4.51,4.53
2009-08-16,0.16,0.14,0.18,0.28,0.47,1.18,1.76,2.69,3.32,3.71,4.4,4.44
2009-08-23,0.16,0.11,0.17,0.26,0.43,1.04,1.54,2.43,3.09,3.48,4.26,4.33
2009-08-30,0.16,0.11,0.15,0.26,0.45,1.05,1.57,2.48,3.1,3.46,4.17,4.22
2009-09-06,0.15,0.09,0.14,0.23,0.42,0.92,1.44,2.33,2.99,3.38,4.14,4.18
2009-09-13,0.15,0.09,0.14,0.22,0.4,0.93,1.46,2.36,3.06,3.45,4.21,4.27
2009-09-20,0.15,0.03,0.1,0.2,0.4,0.98,1.51,2.41,3.07,3.47,4.2,4.24
2009-09-27,0.15,0.05,0.11,0.2,0.41,0.98,1.49,2.4,3.05,3.44,4.18,4.2
2009-10-04,0.15,0.04,0.11,0.18,0.4,0.95,1.45,2.31,2.93,3.31,4.02,4.03
2009-10-11,0.12,0.04,0.08,0.15,0.36,0.9,1.4,2.22,2.83,3.27,4.03,4.07
2009-10-18,0.12,0.05,0.07,0.15,0.36,0.97,1.49,2.36,2.99,3.43,4.22,4.24
2009-10-25,0.12,0.05,0.07,0.17,0.39,0.99,1.5,2.38,3.01,3.42,4.2,4.22
2009-11-01,0.12,0.03,0.065,0.17,0.39,0.965,1.49,2.39,3.03,3.465,4.24,4.27
2009-11-08,0.12,0.05,0.06,0.16,0.36,0.91,1.44,2.35,3.05,3.54,4.35,4.4
2009-11-15,0.12,0.06,0.07,0.16,0.33,0.85,1.39,2.31,3.01,3.5,4.34,4.41
2009-11-22,0.12,0.04,0.04,0.15,0.29,0.77,1.27,2.19,2.88,3.35,4.2,4.29
2009-11-29,0.12,0.06,0.05,0.14,0.26,0.73,1.23,2.11,2.78,3.28,4.12,4.23
2009-12-06,0.12,0.08,0.06,0.15,0.28,0.72,1.19,2.09,2.8,3.32,4.14,4.26
2009-12-13,0.12,0.01,0.03,0.15,0.32,0.78,1.26,2.19,2.92,3.45,4.31,4.41
2009-12-20,0.12,0.02,0.04,0.16,0.37,0.85,1.35,2.3,3.04,3.56,4.39,4.48
2009-12-27,0.12,0.01,0.07,0.18,0.41,0.96,1.51,2.51,3.26,3.77,4.54,4.61
2010-01-03,0.12,0.03,0.06,0.2,0.47,1.09,1.65,2.62,3.34,3.85,4.58,4.63
2010-01-10,0.11,0.03,0.06,0.16,0.4,1.01,1.6,2.6,3.33,3.85,4.61,4.69
2010-01-17,0.11,0.02,0.05,0.14,0.34,0.94,1.5,2.51,3.23,3.76,4.52,4.63
2010-01-24,0.11,0.03,0.06,0.14,0.31,0.89,1.44,2.44,3.16,3.68,4.43,4.54
2010-01-31,0.11,0.02,0.08,0.15,0.31,0.87,1.4,2.39,3.12,3.66,4.42,4.55
2010-02-07,0.13,0.04,0.1,0.17,0.33,0.86,1.41,2.37,3.11,3.67,4.42,4.55
2010-02-14,0.13,0.05,0.11,0.18,0.35,0.84,1.38,2.35,3.11,3.69,4.51,4.65
2010-02-21,0.13,0.06,0.1,0.18,0.35,0.87,1.42,2.4,3.16,3.74,4.56,4.7
2010-02-28,0.13,0.08,0.12,0.19,0.34,0.87,1.42,2.37,3.13,3.69,4.49,4.63
2010-03-07,0.16,0.09,0.14,0.19,0.33,0.82,1.34,2.28,3.04,3.62,4.42,4.57
2010-03-14,0.16,0.12,0.16,0.21,0.39,0.92,1.45,2.39,3.14,3.72,4.52,4.68
2010-03-21,0.16,0.13,0.16,0.24,0.41,0.96,1.49,2.42,3.14,3.68,4.43,4.59
2010-03-28,0.16,0.12,0.14,0.24,0.43,1.04,1.64,2.59,3.28,3.84,4.56,4.72
2010-04-04,0.16,0.15,0.16,0.24,0.42,1.05,1.65,2.6,3.32,3.88,4.59,4.75
2010-04-11,0.2,0.16,0.17,0.25,0.47,1.09,1.68,2.65,3.36,3.91,4.6,4.75
2010-04-18,0.2,0.15,0.16,0.24,0.45,1.07,1.65,2.58,3.28,3.86,4.54,4.7
2010-04-25,0.2,0.14,0.16,0.24,0.44,1.05,1.62,2.56,3.25,3.82,4.51,4.67
2010-05-02,0.2,0.14,0.16,0.245,0.42,1.02,1.565,2.475,3.165,3.735,4.41,4.58
2010-05-09,0.2,0.14,0.15,0.22,0.39,0.88,1.43,2.31,3.0,3.58,4.23,4.39
2010-05-16,0.2,0.15,0.16,0.22,0.39,0.87,1.37,2.27,2.98,3.56,4.24,4.42
2010-05-23,0.2,0.17,0.17,0.23,0.35,0.76,1.23,2.11,2.82,3.36,4.07,4.24
2010-05-30,0.2,0.16,0.17,0.23,0.36,0.81,1.26,2.06,2.69,3.23,3.96,4.12
2010-06-06,0.18,0.13,0.16,0.22,0.35,0.78,1.26,2.1,2.75,3.31,4.05,4.22
2010-06-13,0.18,0.08,0.1,0.18,0.34,0.74,1.21,1.99,2.64,3.2,3.94,4.12
2010-06-20,0.18,0.04,0.09,0.16,0.3,0.75,1.22,2.06,2.73,3.27,4.0,4.18
2010-06-27,0.18,0.07,0.13,0.19,0.29,0.67,1.11,1.93,2.59,3.14,3.91,4.09
2010-07-04,0.18,0.16,0.17,0.22,0.31,0.62,1.01,1.8,2.43,2.97,3.76,3.94
2010-07-11,0.18,0.17,0.16,0.2,0.31,0.63,1.01,1.8,2.46,3.0,3.78,3.96
2010-07-18,0.18,0.16,0.15,0.2,0.28,0.62,1.02,1.82,2.49,3.07,3.84,4.03
2010-07-25,0.18,0.15,0.16,0.2,0.27,0.6,0.94,1.71,2.39,2.98,3.78,3.99
2010-08-01,0.18,0.15,0.15,0.2,0.295,0.6,0.935,1.725,2.415,3.03,3.84,4.050000000000001
2010-08-08,0.19,0.15,0.16,0.2,0.27,0.53,0.81,1.57,2.28,2.94,3.78,4.05
2010-08-15,0.19,0.15,0.15,0.19,0.25,0.54,0.81,1.47,2.11,2.74,3.63,3.94
2010-08-22,0.19,0.16,0.16,0.19,0.25,0.51,0.77,1.44,2.06,2.62,3.42,3.72
2010-08-29,0.19,0.17,0.16,0.19,0.26,0.51,0.77,1.4,2.0,2.54,3.31,3.59
2010-09-05,0.19,0.16,0.14,0.19,0.25,0.5,0.75,1.41,2.02,2.58,3.35,3.65
2010-09-12,0.19,0.1,0.14,0.19,0.25,0.52,0.81,1.49,2.14,2.72,3.49,3.79
2010-09-19,0.19,0.11,0.15,0.2,0.26,0.5,0.77,1.46,2.14,2.74,3.55,3.87
2010-09-26,0.19,0.12,0.16,0.2,0.25,0.45,0.68,1.34,1.99,2.61,3.49,3.79
2010-10-03,0.19,0.12,0.16,0.19,0.26,0.42,0.64,1.27,1.91,2.53,3.38,3.69
2010-10-10,0.19,0.14,0.13,0.17,0.24,0.38,0.57,1.16,1.77,2.41,3.39,3.72
2010-10-17,0.19,0.14,0.13,0.17,0.22,0.37,0.59,1.14,1.77,2.46,3.48,3.84
2010-10-24,0.19,0.14,0.14,0.18,0.22,0.37,0.54,1.14,1.81,2.52,3.57,3.93
2010-10-31,0.19,0.14,0.14,0.18,0.23,0.37,0.56,1.23,1.97,2.67,3.66,4.0
2010-11-07,0.19,0.13,0.13,0.16,0.22,0.34,0.5,1.11,1.85,2.63,3.66,4.04
2010-11-14,0.19,0.12,0.13,0.16,0.24,0.44,0.63,1.23,1.84,2.65,3.83,4.25
2010-11-21,0.19,0.13,0.14,0.19,0.27,0.52,0.78,1.51,2.16,2.89,3.95,4.29
2010-11-28,0.19,0.16,0.16,0.2,0.28,0.51,0.78,1.53,2.21,2.87,3.88,4.21
2010-12-05,0.18,0.16,0.16,0.2,0.28,0.52,0.8,1.64,2.33,2.97,3.95,4.24
2010-12-12,0.18,0.09,0.14,0.18,0.29,0.63,0.97,1.87,2.62,3.23,4.15,4.41
2010-12-19,0.18,0.08,0.14,0.19,0.3,0.66,1.05,2.06,2.81,3.47,4.32,4.54
2010-12-26,0.18,0.07,0.14,0.19,0.3,0.65,1.05,2.02,2.74,3.36,4.23,4.45
2011-01-02,0.18,0.065,0.125,0.2,0.295,0.65,1.06,2.045,2.755,3.355,4.195,4.415
2011-01-09,0.17,0.13,0.14,0.19,0.29,0.63,1.04,2.02,2.74,3.36,4.25,4.48
2011-01-16,0.17,0.15,0.15,0.18,0.27,0.59,1.0,1.95,2.66,3.35,4.26,4.5
2011-01-23,0.17,0.15,0.16,0.19,0.27,0.6,1.0,1.97,2.7,3.39,4.31,4.56
2011-01-30,0.17,0.15,0.16,0.18,0.27,0.62,1.0,1.98,2.75,3.42,4.31,4.55
2011-02-06,0.16,0.15,0.15,0.18,0.28,0.67,1.12,2.1,2.84,3.52,4.39,4.64
2011-02-13,0.16,0.11,0.14,0.18,0.3,0.85,1.4,2.38,3.05,3.68,4.5,4.71
2011-02-20,0.16,0.09,0.12,0.16,0.29,0.84,1.39,2.35,3.03,3.61,4.46,4.67
2011-02-27,0.16,0.12,0.12,0.16,0.27,0.74,1.24,2.19,2.87,3.46,4.34,4.59
2011-03-06,0.14,0.12,0.13,0.16,0.26,0.69,1.18,2.16,2.86,3.46,4.3,4.54
2011-03-13,0.14,0.07,0.1,0.15,0.25,0.7,1.21,2.16,2.86,3.48,4.35,4.6
2011-03-20,0.14,0.06,0.09,0.14,0.23,0.61,1.05,1.96,2.64,3.28,4.17,4.43
2011-03-27,0.14,0.06,0.09,0.16,0.25,0.69,1.14,2.07,2.75,3.36,4.2,4.45
2011-04-03,0.14,0.04,0.1,0.17,0.3,0.8,1.29,2.24,2.9,3.47,4.29,4.51
2011-04-10,0.1,0.03,0.06,0.13,0.27,0.83,1.33,2.29,2.97,3.56,4.37,4.58
2011-04-17,0.1,0.03,0.06,0.12,0.24,0.77,1.27,2.22,2.88,3.51,4.33,4.55
2011-04-24,0.1,0.03,0.06,0.11,0.24,0.68,1.16,2.14,2.79,3.42,4.24,4.47
2011-05-01,0.1,0.02,0.05,0.11,0.22,0.635,1.06,2.025,2.7,3.34,4.17,4.41
2011-05-08,0.09,0.02,0.03,0.07,0.2,0.6,1.0,1.95,2.61,3.25,4.08,4.33
2011-05-15,0.09,0.01,0.03,0.07,0.18,0.57,0.96,1.87,2.53,3.19,4.04,4.32
2011-05-22,0.09,0.03,0.05,0.08,0.19,0.55,0.93,1.83,2.5,3.15,4.0,4.29
2011-05-29,0.09,0.04,0.06,0.1,0.18,0.54,0.9,1.8,2.47,3.12,3.96,4.26
2011-06-05,0.09,0.04,0.05,0.11,0.18,0.45,0.78,1.65,2.34,3.04,3.91,4.22
2011-06-12,0.09,0.02,0.05,0.1,0.18,0.41,0.73,1.59,2.29,3.01,3.91,4.22
2011-06-19,0.09,0.02,0.05,0.11,0.18,0.38,0.68,1.55,2.26,2.98,3.89,4.19
2011-06-26,0.09,0.01,0.02,0.09,0.16,0.38,0.68,1.55,2.25,2.97,3.87,4.19
2011-07-03,0.09,0.01,0.02,0.1,0.19,0.47,0.79,1.7,2.44,3.14,4.08,4.38
2011-07-10,0.07,0.01,0.02,0.07,0.19,0.44,0.77,1.7,2.46,3.16,4.08,4.37
2011-07-17,0.07,0.01,0.02,0.05,0.16,0.37,0.63,1.47,2.2,2.94,3.88,4.2
2011-07-24,0.07,0.02,0.03,0.08,0.19,0.4,0.64,1.49,2.22,2.96,3.93,4.26
2011-07-31,0.07,0.08,0.07,0.12,0.21,0.42,0.68,1.52,2.26,2.99,3.94,4.28
2011-08-07,0.1,0.01,0.02,0.08,0.16,0.33,0.5,1.23,1.94,2.64,3.55,3.89
2011-08-14,0.1,0.02,0.03,0.07,0.11,0.19,0.33,0.96,1.56,2.24,3.24,3.68
2011-08-21,0.1,0.01,0.02,0.06,0.12,0.2,0.33,0.92,1.48,2.17,3.14,3.57
2011-08-28,0.1,0.01,0.01,0.04,0.1,0.22,0.37,0.95,1.52,2.19,3.13,3.54
2011-09-04,0.1,0.01,0.02,0.05,0.1,0.2,0.33,0.94,1.52,2.19,3.12,3.53
2011-09-11,0.08,0.01,0.02,0.06,0.11,0.2,0.33,0.88,1.41,2.0,2.92,3.32
2011-09-18,0.08,0.0,0.01,0.03,0.1,0.21,0.35,0.91,1.45,2.03,2.92,3.32
2011-09-25,0.08,0.0,0.01,0.03,0.1,0.2,0.34,0.85,1.36,1.88,2.69,3.03
2011-10-02,0.08,0.0,0.02,0.045,0.11499999999999999,0.25,0.42,0.965,1.455,1.955,2.7249999999999996,3.01
2011-10-09,0.07,0.01,0.01,0.04,0.11,0.25,0.43,0.96,1.45,1.92,2.62,2.87
2011-10-16,0.07,0.01,0.02,0.05,0.11,0.29,0.51,1.12,1.68,2.19,2.9,3.15
2011-10-23,0.07,0.02,0.03,0.06,0.12,0.28,0.46,1.07,1.64,2.19,2.91,3.17
2011-10-30,0.07,0.01,0.02,0.06,0.13,0.28,0.48,1.1,1.7,2.25,3.0,3.27
2011-11-06,0.08,0.01,0.01,0.04,0.11,0.23,0.38,0.9,1.45,2.06,2.81,3.09
2011-11-13,0.08,0.01,0.01,0.03,0.1,0.24,0.38,0.9,1.45,2.04,2.8,3.12
2011-11-20,0.08,0.01,0.01,0.04,0.11,0.26,0.4,0.91,1.46,2.01,2.73,3.05
2011-11-27,0.08,0.02,0.02,0.06,0.12,0.26,0.4,0.91,1.42,1.94,2.6,2.91
2011-12-04,0.08,0.02,0.02,0.06,0.12,0.26,0.4,0.93,1.49,2.05,2.74,3.03
2011-12-11,0.07,0.0,0.01,0.05,0.11,0.24,0.37,0.89,1.48,2.04,2.74,3.04
2011-12-18,0.07,0.0,0.01,0.05,0.11,0.24,0.36,0.86,1.38,1.92,2.6,2.92
2011-12-25,0.07,0.0,0.01,0.04,0.12,0.28,0.4,0.91,1.43,1.97,2.67,2.99
2012-01-01,0.07,0.005,0.02,0.06,0.12,0.28,0.415,0.895,1.395,1.92,2.585,2.9050000000000002
2012-01-08,0.08,0.01,0.02,0.06,0.12,0.25,0.4,0.88,1.41,1.98,2.7,3.02
2012-01-15,0.08,0.01,0.02,0.05,0.11,0.24,0.35,0.84,1.37,1.94,2.65,2.97
2012-01-22,0.08,0.02,0.03,0.07,0.11,0.24,0.35,0.82,1.34,1.92,2.63,2.96
2012-01-29,0.08,0.03,0.04,0.07,0.12,0.22,0.34,0.81,1.4,2.01,2.78,3.13
2012-02-05,0.1,0.05,0.06,0.09,0.13,0.23,0.31,0.72,1.27,1.87,2.64,3.01
2012-02-12,0.1,0.06,0.09,0.11,0.15,0.27,0.35,0.82,1.39,2.0,2.78,3.14
2012-02-19,0.1,0.06,0.11,0.13,0.18,0.29,0.4,0.85,1.4,1.99,2.78,3.14
2012-02-26,0.1,0.07,0.09,0.13,0.17,0.31,0.43,0.88,1.41,2.01,2.79,3.15
2012-03-04,0.1,0.08,0.08,0.13,0.18,0.3,0.41,0.84,1.38,1.98,2.73,3.08
2012-03-11,0.13,0.06,0.08,0.14,0.18,0.31,0.43,0.87,1.4,2.0,2.78,3.13
2012-03-18,0.13,0.07,0.09,0.15,0.21,0.37,0.56,1.11,1.67,2.29,3.08,3.41
2012-03-25,0.13,0.07,0.09,0.15,0.21,0.39,0.58,1.15,1.71,2.31,3.06,3.38
2012-04-01,0.13,0.05,0.08,0.14500000000000002,0.185,0.33,0.51,1.04,1.605,2.2199999999999998,2.9850000000000003,3.3200000000000003
2012-04-08,0.14,0.07,0.08,0.14,0.19,0.35,0.5,1.03,1.6,2.22,3.0,3.35
2012-04-15,0.14,0.08,0.09,0.14,0.18,0.29,0.43,0.89,1.41,2.05,2.82,3.18
2012-04-22,0.14,0.05,0.08,0.13,0.18,0.27,0.4,0.86,1.38,2.0,2.75,3.12
2012-04-29,0.14,0.07,0.09,0.14,0.18,0.26,0.39,0.83,1.36,1.98,2.74,3.12
2012-05-06,0.16,0.06,0.09,0.15,0.19,0.27,0.39,0.82,1.33,1.96,2.72,3.12
2012-05-13,0.16,0.07,0.1,0.15,0.18,0.27,0.36,0.77,1.26,1.88,2.63,3.03
2012-05-20,0.16,0.08,0.1,0.15,0.2,0.3,0.4,0.74,1.19,1.76,2.48,2.9
2012-05-27,0.16,0.07,0.09,0.14,0.21,0.3,0.41,0.76,1.18,1.75,2.44,2.85
2012-06-03,0.16,0.05,0.07,0.14,0.19,0.27,0.38,0.69,1.06,1.63,2.32,2.72
2012-06-10,0.16,0.04,0.09,0.14,0.18,0.26,0.37,0.71,1.09,1.65,2.34,2.73
2012-06-17,0.16,0.06,0.1,0.15,0.18,0.3,0.4,0.71,1.06,1.61,2.3,2.71
2012-06-24,0.16,0.06,0.09,0.15,0.19,0.31,0.41,0.73,1.1,1.64,2.33,2.72
2012-07-01,0.16,0.05,0.09,0.16,0.21,0.31,0.41,0.72,1.105,1.6549999999999998,2.33,2.705
2012-07-08,0.16,0.07,0.09,0.15,0.21,0.3,0.39,0.68,1.05,1.62,2.34,2.72
2012-07-15,0.16,0.07,0.1,0.15,0.2,0.27,0.36,0.63,0.98,1.53,2.22,2.6
2012-07-22,0.16,0.07,0.09,0.14,0.18,0.22,0.31,0.6,0.97,1.52,2.21,2.59
2012-07-29,0.16,0.08,0.1,0.15,0.17,0.22,0.28,0.57,0.93,1.45,2.13,2.49
2012-08-05,0.13,0.06,0.1,0.14,0.17,0.24,0.31,0.61,0.99,1.53,2.22,2.58
2012-08-12,0.13,0.09,0.11,0.14,0.19,0.27,0.37,0.71,1.13,1.66,2.37,2.74
2012-08-19,0.13,0.1,0.09,0.14,0.19,0.27,0.42,0.8,1.25,1.8,2.53,2.9
2012-08-26,0.13,0.1,0.11,0.13,0.19,0.28,0.37,0.72,1.16,1.71,2.44,2.82
2012-09-02,0.13,0.11,0.1,0.14,0.175,0.27,0.355,0.675,1.09,1.6349999999999998,2.36,2.75
2012-09-09,0.14,0.1,0.11,0.14,0.17,0.25,0.32,0.62,1.04,1.6,2.32,2.7
2012-09-16,0.14,0.09,0.1,0.13,0.18,0.25,0.33,0.67,1.12,1.75,2.52,2.92
2012-09-23,0.14,0.06,0.11,0.14,0.18,0.27,0.36,0.7,1.18,1.8,2.58,2.97
2012-09-30,0.14,0.05,0.11,0.14,0.17,0.26,0.34,0.64,1.05,1.66,2.43,2.83
2012-10-07,0.16,0.09,0.09,0.14,0.17,0.23,0.31,0.62,1.04,1.64,2.42,2.82
2012-10-14,0.16,0.12,0.1,0.15,0.18,0.27,0.34,0.67,1.09,1.72,2.48,2.89
2012-10-21,0.16,0.12,0.1,0.15,0.18,0.29,0.41,0.77,1.21,1.79,2.55,2.94
2012-10-28,0.16,0.12,0.11,0.15,0.19,0.3,0.41,0.77,1.21,1.8,2.55,2.93
2012-11-04,0.16,0.09,0.11,0.16,0.18,0.3,0.38,0.73,1.16,1.74,2.48,2.87
2012-11-11,0.16,0.12,0.1,0.15,0.19,0.27,0.36,0.67,1.08,1.68,2.42,2.83
2012-11-18,0.16,0.13,0.09,0.15,0.18,0.25,0.33,0.63,1.02,1.59,2.31,2.73
2012-11-25,0.16,0.16,0.1,0.14,0.17,0.27,0.37,0.69,1.11,1.69,2.42,2.83
2012-12-02,0.16,0.15000000000000002,0.095,0.14500000000000002,0.18,0.26,0.35,0.635,1.045,1.625,2.37,2.795
2012-12-09,0.16,0.07,0.1,0.14,0.18,0.25,0.33,0.63,1.04,1.62,2.36,2.78
2012-12-16,0.16,0.04,0.07,0.11,0.14,0.24,0.33,0.66,1.11,1.72,2.46,2.87
2012-12-23,0.16,0.02,0.06,0.1,0.15,0.28,0.39,0.77,1.24,1.81,2.57,2.98
2012-12-30,0.16,0.03,0.06,0.11,0.16,0.26,0.38,0.76,1.2,1.77,2.52,2.94
2013-01-06,0.14,0.06,0.07,0.11,0.15,0.27,0.37,0.76,1.25,1.86,2.63,3.04
2013-01-13,0.14,0.05,0.07,0.1,0.14,0.26,0.37,0.79,1.28,1.89,2.66,3.06
2013-01-20,0.14,0.05,0.08,0.11,0.14,0.26,0.37,0.77,1.26,1.87,2.63,3.03
2013-01-27,0.14,0.06,0.08,0.1,0.15,0.26,0.38,0.77,1.26,1.87,2.63,3.03
2013-02-03,0.14,0.03,0.07,0.11,0.15,0.27,0.42,0.88,1.39,2.03,2.79,3.18
2013-02-10,0.15,0.03,0.07,0.11,0.15,0.25,0.39,0.84,1.35,2.0,2.79,3.17
2013-02-17,0.15,0.09,0.1,0.12,0.15,0.29,0.42,0.87,1.38,2.01,2.8,3.18
2013-02-24,0.15,0.11,0.12,0.13,0.17,0.27,0.42,0.87,1.38,2.01,2.8,3.18
2013-03-03,0.15,0.09,0.11,0.13,0.17,0.25,0.36,0.78,1.25,1.88,2.69,3.08
2013-03-10,0.14,0.09,0.1,0.12,0.15,0.25,0.38,0.81,1.31,1.95,2.77,3.15
2013-03-17,0.14,0.09,0.1,0.12,0.15,0.27,0.42,0.88,1.4,2.04,2.85,3.22
2013-03-24,0.14,0.08,0.07,0.11,0.15,0.26,0.38,0.81,1.3,1.95,2.77,3.15
2013-03-31,0.14,0.06,0.07,0.11,0.14,0.25,0.36,0.77,1.24,1.87,2.71,3.1
2013-04-07,0.15,0.06,0.07,0.1,0.13,0.24,0.34,0.73,1.2,1.83,2.66,3.05
2013-04-14,0.15,0.06,0.07,0.1,0.12,0.24,0.34,0.71,1.16,1.78,2.57,2.94
2013-04-21,0.15,0.04,0.06,0.09,0.12,0.24,0.35,0.71,1.13,1.73,2.5,2.88
2013-04-28,0.15,0.04,0.05,0.09,0.12,0.23,0.35,0.7,1.13,1.73,2.5,2.89
2013-05-05,0.11,0.03,0.05,0.08,0.11,0.2,0.32,0.68,1.1,1.7,2.49,2.88
2013-05-12,0.11,0.01,0.04,0.08,0.11,0.22,0.35,0.75,1.2,1.81,2.61,3.0
2013-05-19,0.11,0.01,0.04,0.08,0.12,0.26,0.4,0.84,1.32,1.94,2.76,3.16
2013-05-26,0.11,0.03,0.04,0.08,0.12,0.26,0.41,0.9,1.39,2.01,2.8,3.18
2013-06-02,0.11,0.03,0.04,0.07,0.135,0.3,0.49,1.02,1.52,2.1399999999999997,2.935,3.29
2013-06-09,0.09,0.04,0.05,0.08,0.14,0.3,0.48,1.03,1.53,2.13,2.92,3.27
2013-06-16,0.09,0.04,0.05,0.08,0.14,0.32,0.55,1.12,1.61,2.2,3.0,3.33
2013-06-23,0.09,0.04,0.05,0.08,0.13,0.31,0.58,1.24,1.76,2.33,3.09,3.41
2013-06-30,0.09,0.02,0.06,0.11,0.16,0.39,0.69,1.45,1.98,2.55,3.27,3.56
2013-07-07,0.09,0.03,0.04,0.08,0.14,0.36,0.67,1.42,1.97,2.52,3.22,3.49
2013-07-14,0.09,0.02,0.04,0.07,0.13,0.37,0.71,1.5,2.08,2.65,3.35,3.64
2013-07-21,0.09,0.02,0.03,0.07,0.11,0.32,0.61,1.35,1.95,2.55,3.28,3.58
2013-07-28,0.09,0.02,0.03,0.07,0.12,0.32,0.6,1.36,1.98,2.58,3.31,3.61
2013-08-04,0.09,0.02,0.04,0.07,0.11,0.33,0.61,1.38,2.01,2.63,3.36,3.67
2013-08-11,0.08,0.05,0.05,0.08,0.12,0.32,0.61,1.38,2.0,2.61,3.37,3.68
2013-08-18,0.08,0.05,0.05,0.08,0.12,0.34,0.68,1.49,2.13,2.71,3.48,3.75
2013-08-25,0.08,0.02,0.04,0.07,0.14,0.38,0.76,1.64,2.29,2.87,3.63,3.88
2013-09-01,0.08,0.03,0.03,0.065,0.13,0.39,0.79,1.6150000000000002,2.225,2.78,3.46,3.7
2013-09-08,0.08,0.02,0.02,0.05,0.14,0.46,0.89,1.74,2.36,2.9,3.56,3.8
2013-09-15,0.08,0.01,0.02,0.04,0.13,0.45,0.87,1.72,2.34,2.92,3.6,3.85
2013-09-22,0.08,0.01,0.01,0.04,0.11,0.34,0.69,1.5,2.13,2.76,3.52,3.8
2013-09-29,0.08,0.02,0.02,0.05,0.1,0.35,0.67,1.43,2.05,2.66,3.4,3.68
2013-10-06,0.09,0.1,0.02,0.04,0.11,0.33,0.63,1.39,2.02,2.64,3.41,3.71
2013-10-13,0.09,0.25,0.05,0.07,0.14,0.37,0.68,1.43,2.06,2.68,3.43,3.73
2013-10-20,0.09,0.14,0.08,0.08,0.14,0.34,0.64,1.41,2.06,2.69,3.43,3.72
2013-10-27,0.09,0.02,0.04,0.07,0.11,0.32,0.59,1.3,1.92,2.53,3.3,3.61
2013-11-03,0.09,0.03,0.04,0.08,0.11,0.32,0.59,1.31,1.93,2.55,3.33,3.63
2013-11-10,0.08,0.04,0.05,0.09,0.11,0.32,0.6,1.36,2.02,2.67,3.46,3.76
2013-11-17,0.08,0.06,0.08,0.1,0.13,0.32,0.61,1.41,2.1,2.75,3.54,3.83
2013-11-24,0.08,0.05,0.08,0.1,0.12,0.29,0.57,1.37,2.1,2.75,3.54,3.84
2013-12-01,0.08,0.055,0.07,0.11,0.13,0.28,0.555,1.3650000000000002,2.08,2.74,3.525,3.815
2013-12-08,0.09,0.03,0.06,0.1,0.13,0.3,0.6,1.45,2.19,2.84,3.63,3.9
2013-12-15,0.09,0.02,0.07,0.1,0.14,0.31,0.64,1.5,2.23,2.86,3.61,3.88
2013-12-22,0.09,0.02,0.07,0.09,0.13,0.34,0.68,1.55,2.26,2.89,3.63,3.9
2013-12-29,0.09,0.01,0.07,0.09,0.14,0.38,0.8,1.73,2.43,2.99,3.66,3.9
2014-01-05,0.07,0.01,0.07,0.1,0.13,0.39,0.78,1.73,2.42,3.01,3.69,3.93
2014-01-12,0.07,0.01,0.05,0.08,0.13,0.4,0.8,1.7,2.38,2.97,3.64,3.88
2014-01-19,0.07,0.01,0.04,0.06,0.11,0.4,0.79,1.65,2.3,2.86,3.52,3.77
2014-01-26,0.07,0.01,0.04,0.07,0.11,0.4,0.79,1.64,2.27,2.84,3.5,3.74
2014-02-02,0.07,0.04,0.03,0.065,0.10500000000000001,0.36,0.715,1.5350000000000001,2.17,2.705,3.38,3.635
2014-02-09,0.07,0.1,0.07,0.07,0.12,0.31,0.66,1.47,2.13,2.7,3.39,3.66
2014-02-16,0.07,0.01,0.05,0.09,0.12,0.32,0.71,1.53,2.17,2.75,3.41,3.69
2014-02-23,0.07,0.02,0.05,0.08,0.12,0.33,0.71,1.53,2.17,2.73,3.41,3.69
2014-03-02,0.07,0.04,0.05,0.08,0.11,0.33,0.69,1.51,2.13,2.665,3.325,3.615
2014-03-09,0.08,0.06,0.05,0.08,0.12,0.33,0.71,1.54,2.17,2.7,3.36,3.64
2014-03-16,0.08,0.05,0.05,0.08,0.12,0.37,0.78,1.59,2.2,2.73,3.38,3.66
2014-03-23,0.08,0.06,0.06,0.08,0.14,0.45,0.9,1.73,2.3,2.75,3.34,3.63
2014-03-30,0.08,0.05,0.05,0.07,0.13,0.45,0.92,1.74,2.31,2.73,3.29,3.55
2014-04-06,0.09,0.03,0.03,0.06,0.12,0.44,0.91,1.74,2.32,2.77,3.35,3.6
2014-04-13,0.09,0.03,0.04,0.06,0.1,0.37,0.85,1.65,2.24,2.69,3.28,3.54
2014-04-20,0.09,0.03,0.04,0.05,0.11,0.39,0.87,1.67,2.21,2.65,3.23,3.48
2014-04-27,0.09,0.02,0.03,0.05,0.11,0.43,0.91,1.74,2.3,2.7,3.22,3.47
2014-05-04,0.09,0.02,0.03,0.05,0.1,0.42,0.89,1.69,2.25,2.67,3.22,3.47
2014-05-11,0.09,0.02,0.03,0.05,0.1,0.41,0.89,1.65,2.18,2.62,3.16,3.41
2014-05-18,0.09,0.02,0.03,0.05,0.09,0.39,0.81,1.57,2.1,2.54,3.09,3.37
2014-05-25,0.09,0.04,0.03,0.05,0.09,0.37,0.79,1.55,2.09,2.54,3.12,3.4
2014-06-01,0.09,0.045,0.04,0.055,0.1,0.37,0.79,1.54,2.06,2.48,3.05,3.33
2014-06-08,0.1,0.04,0.04,0.06,0.1,0.41,0.85,1.65,2.18,2.6,3.17,3.44
2014-06-15,0.1,0.03,0.04,0.06,0.11,0.44,0.91,1.7,2.22,2.62,3.18,3.45
2014-06-22,0.1,0.03,0.03,0.06,0.1,0.49,0.95,1.71,2.22,2.63,3.18,3.44
2014-06-29,0.1,0.01,0.03,0.06,0.11,0.48,0.92,1.68,2.17,2.57,3.12,3.38
2014-07-06,0.09,0.02,0.02,0.06,0.11,0.49,0.95,1.71,2.22,2.64,3.2,3.46
2014-07-13,0.09,0.02,0.03,0.06,0.11,0.51,0.97,1.68,2.17,2.57,3.1,3.38
2014-07-20,0.09,0.02,0.02,0.06,0.11,0.49,0.97,1.69,2.17,2.55,3.08,3.35
2014-07-27,0.09,0.03,0.03,0.06,0.11,0.51,0.98,1.69,2.14,2.48,3.0,3.26
2014-08-03,0.09,0.03,0.03,0.06,0.12,0.54,1.01,1.73,2.17,2.52,3.03,3.29
2014-08-10,0.09,0.03,0.03,0.05,0.11,0.47,0.93,1.66,2.13,2.49,3.01,3.27
2014-08-17,0.09,0.04,0.04,0.05,0.1,0.43,0.88,1.59,2.06,2.43,2.97,3.24
2014-08-24,0.09,0.04,0.03,0.06,0.1,0.49,0.94,1.64,2.08,2.4,2.92,3.2
2014-08-31,0.09,0.02,0.03,0.05,0.11,0.51,0.97,1.65,2.05,2.37,2.85,3.11
2014-09-07,0.09,0.02,0.03,0.05,0.1,0.52,0.99,1.69,2.11,2.42,2.91,3.17
2014-09-14,0.09,0.01,0.02,0.05,0.11,0.58,1.07,1.79,2.22,2.54,3.01,3.26
2014-09-21,0.09,0.01,0.02,0.04,0.12,0.59,1.08,1.82,2.29,2.6,3.11,3.36
2014-09-28,0.09,0.01,0.01,0.03,0.1,0.58,1.06,1.8,2.24,2.54,3.01,3.25
2014-10-05,0.09,0.01,0.02,0.03,0.11,0.57,1.05,1.73,2.16,2.45,2.9,3.15
2014-10-12,0.09,0.02,0.01,0.05,0.1,0.46,0.91,1.58,2.02,2.35,2.81,3.07
2014-10-19,0.09,0.03,0.02,0.05,0.1,0.39,0.79,1.44,1.88,2.21,2.68,2.95
2014-10-26,0.09,0.03,0.02,0.06,0.11,0.41,0.8,1.46,1.9,2.25,2.73,3.01
2014-11-02,0.09,0.01,0.015,0.055,0.11,0.48,0.92,1.5950000000000002,2.025,2.33,2.79,3.06
2014-11-09,0.09,0.04,0.03,0.06,0.12,0.52,0.97,1.63,2.05,2.36,2.79,3.06
2014-11-16,0.09,0.04,0.02,0.07,0.14,0.55,1.0,1.65,2.06,2.37,2.81,3.09
2014-11-23,0.09,0.04,0.02,0.07,0.14,0.53,0.96,1.64,2.04,2.34,2.78,3.05
2014-11-30,0.09,0.06,0.02,0.07,0.14,0.53,0.93,1.56,1.96,2.24,2.67,2.95
2014-12-07,0.12,0.03,0.02,0.08,0.14,0.55,0.97,1.59,2.0,2.28,2.69,2.97
2014-12-14,0.12,0.03,0.03,0.1,0.21,0.62,1.05,1.62,1.96,2.19,2.54,2.84
2014-12-21,0.12,0.03,0.04,0.11,0.23,0.62,1.06,1.61,1.93,2.14,2.46,2.74
2014-12-28,0.12,0.01,0.01,0.14,0.26,0.73,1.18,1.76,2.07,2.26,2.56,2.83
2015-01-04,0.12,0.03,0.03,0.12,0.25,0.67,1.1,1.65,1.97,2.17,2.47,2.75
2015-01-11,0.11,0.02,0.03,0.09,0.25,0.62,1.0,1.5,1.78,1.98,2.29,2.55
2015-01-18,0.11,0.02,0.03,0.08,0.18,0.51,0.83,1.33,1.62,1.86,2.2,2.47
2015-01-25,0.11,0.02,0.03,0.08,0.17,0.53,0.86,1.33,1.62,1.83,2.17,2.44
2015-02-01,0.11,0.015,0.02,0.07500000000000001,0.175,0.505,0.825,1.2650000000000001,1.56,1.75,2.08,2.31
2015-02-08,0.11,0.01,0.02,0.07,0.2,0.52,0.86,1.29,1.61,1.81,2.17,2.39
2015-02-15,0.11,0.02,0.01,0.07,0.24,0.66,1.04,1.52,1.82,2.0,2.33,2.58
2015-02-22,0.11,0.02,0.02,0.07,0.23,0.67,1.05,1.58,1.92,2.11,2.49,2.73
2015-03-01,0.11,0.02,0.02,0.07,0.22,0.63,1.01,1.5,1.82,2.0,2.38,2.6
2015-03-08,0.11,0.02,0.02,0.08,0.26,0.66,1.07,1.6,1.93,2.12,2.49,2.71
2015-03-15,0.11,0.03,0.03,0.1,0.25,0.7,1.09,1.6,1.93,2.13,2.48,2.7
2015-03-22,0.11,0.02,0.03,0.12,0.26,0.63,0.99,1.48,1.79,1.98,2.33,2.54
2015-03-29,0.11,0.02,0.03,0.11,0.25,0.59,0.93,1.41,1.73,1.93,2.29,2.51
2015-04-05,0.12,0.02,0.03,0.12,0.26,0.55,0.87,1.35,1.69,1.92,2.29,2.53
2015-04-12,0.12,0.02,0.03,0.1,0.22,0.54,0.86,1.35,1.68,1.92,2.31,2.57
2015-04-19,0.12,0.02,0.02,0.08,0.23,0.51,0.85,1.33,1.66,1.9,2.3,2.55
2015-04-26,0.12,0.02,0.03,0.1,0.24,0.55,0.86,1.35,1.68,1.93,2.36,2.62
2015-05-03,0.12,0.0,0.01,0.07,0.25,0.56,0.91,1.43,1.79,2.05,2.49,2.75
2015-05-10,0.12,0.01,0.01,0.08,0.24,0.62,1.0,1.54,1.92,2.18,2.63,2.9
2015-05-17,0.12,0.02,0.02,0.09,0.24,0.59,0.97,1.57,2.0,2.27,2.76,3.03
2015-05-24,0.12,0.02,0.02,0.08,0.23,0.6,0.98,1.57,1.96,2.23,2.75,3.02
2015-05-31,0.12,0.01,0.01,0.08,0.26,0.64,0.99,1.53,1.9,2.14,2.64,2.89
2015-06-07,0.13,0.02,0.02,0.07,0.26,0.66,1.04,1.65,2.05,2.31,2.78,3.03
2015-06-14,0.13,0.01,0.02,0.1,0.28,0.73,1.12,1.74,2.15,2.39,2.86,3.11
2015-06-21,0.13,0.0,0.01,0.1,0.27,0.67,1.03,1.65,2.07,2.32,2.82,3.09
2015-06-28,0.13,0.0,0.01,0.08,0.29,0.68,1.06,1.7,2.14,2.4,2.88,3.16
2015-07-05,0.13,0.01,0.01,0.11,0.27,0.64,1.01,1.64,2.09,2.4,2.9,3.19
2015-07-12,0.13,0.02,0.02,0.08,0.25,0.6,0.95,1.56,2.0,2.3,2.78,3.08
2015-07-19,0.13,0.03,0.02,0.1,0.28,0.67,1.05,1.67,2.07,2.36,2.83,3.13
2015-07-26,0.13,0.04,0.04,0.13,0.33,0.71,1.07,1.69,2.07,2.33,2.73,3.04
2015-08-02,0.13,0.045,0.065,0.14,0.33,0.685,1.0150000000000001,1.5950000000000002,1.975,2.245,2.6500000000000004,2.9450000000000003
2015-08-09,0.14,0.04,0.08,0.19,0.37,0.73,1.08,1.6,1.97,2.23,2.59,2.9
2015-08-16,0.14,0.06,0.1,0.24,0.4,0.72,1.06,1.58,1.94,2.19,2.54,2.84
2015-08-23,0.14,0.03,0.05,0.22,0.39,0.69,1.0,1.5,1.85,2.12,2.49,2.81
2015-08-30,0.14,0.02,0.06,0.2,0.36,0.67,0.98,1.49,1.9,2.18,2.61,2.92
2015-09-06,0.14,0.01,0.03,0.25,0.37,0.71,1.03,1.49,1.9,2.18,2.64,2.95
2015-09-13,0.14,0.02,0.03,0.25,0.39,0.74,1.05,1.53,1.91,2.2,2.64,2.96
2015-09-20,0.14,0.0,0.06,0.24,0.4,0.73,1.03,1.51,1.9,2.21,2.69,3.02
2015-09-27,0.14,0.0,0.01,0.09,0.35,0.7,1.0,1.47,1.85,2.16,2.6,2.95
2015-10-04,0.14,0.0,0.0,0.08,0.33,0.64,0.92,1.37,1.75,2.05,2.49,2.85
2015-10-11,0.12,0.0,0.0,0.07,0.27,0.65,0.92,1.37,1.75,2.08,2.52,2.9
2015-10-18,0.12,0.0,0.01,0.08,0.23,0.61,0.91,1.36,1.73,2.04,2.46,2.87
2015-10-25,0.12,0.02,0.01,0.12,0.23,0.64,0.91,1.37,1.74,2.04,2.48,2.89
2015-11-01,0.12,0.01,0.05500000000000001,0.21,0.33,0.74,1.025,1.495,1.855,2.13,2.535,2.9000000000000004
2015-11-08,0.12,0.04,0.06,0.27,0.4,0.84,1.16,1.64,1.99,2.25,2.66,3.0
2015-11-15,0.12,0.08,0.14,0.34,0.51,0.87,1.22,1.72,2.08,2.32,2.76,3.1
2015-11-22,0.12,0.06,0.12,0.31,0.49,0.9,1.21,1.68,2.02,2.26,2.69,3.04
2015-11-29,0.12,0.13,0.18,0.38,0.52,0.93,1.25,1.66,2.01,2.23,2.64,3.0
2015-12-06,0.24,0.18,0.21,0.42,0.52,0.94,1.24,1.65,1.99,2.21,2.63,2.98
2015-12-13,0.24,0.19,0.26,0.55,0.71,0.94,1.24,1.67,2.02,2.23,2.59,2.97
2015-12-20,0.24,0.18,0.25,0.51,0.69,0.98,1.29,1.71,2.05,2.24,2.59,2.96
2015-12-27,0.24,0.15,0.2,0.49,0.64,1.01,1.32,1.73,2.06,2.25,2.61,2.96
2016-01-03,0.24,0.14,0.21,0.49,0.65,1.06,1.33,1.76,2.09,2.27,2.67,3.01
2016-01-10,0.34,0.2,0.2,0.47,0.66,0.99,1.26,1.65,1.98,2.18,2.59,2.94
2016-01-17,0.34,0.22,0.22,0.46,0.6,0.91,1.15,1.52,1.87,2.1,2.51,2.89
2016-01-24,0.34,0.26,0.26,0.37,0.47,0.85,1.08,1.46,1.79,2.03,2.44,2.81
2016-01-31,0.34,0.26,0.32,0.43,0.47,0.84,1.07,1.43,1.76,2.01,2.41,2.79
2016-02-07,0.38,0.24,0.33,0.46,0.54,0.74,0.91,1.27,1.61,1.87,2.29,2.7
2016-02-14,0.38,0.27,0.3,0.42,0.51,0.69,0.85,1.15,1.47,1.74,2.15,2.55
2016-02-21,0.38,0.26,0.3,0.43,0.53,0.74,0.91,1.23,1.53,1.76,2.17,2.62
2016-02-28,0.38,0.28,0.33,0.46,0.55,0.76,0.9,1.23,1.52,1.75,2.16,2.61
2016-03-06,0.36,0.25,0.33,0.48,0.67,0.85,0.99,1.33,1.63,1.83,2.27,2.69
2016-03-13,0.36,0.27,0.32,0.49,0.68,0.91,1.08,1.42,1.72,1.91,2.29,2.7
2016-03-20,0.36,0.28,0.31,0.47,0.66,0.87,1.05,1.41,1.72,1.94,2.32,2.73
2016-03-27,0.36,0.26,0.3,0.46,0.63,0.89,1.05,1.39,1.7,1.91,2.28,2.67
2016-04-03,0.36,0.18,0.23,0.4,0.62,0.76,0.91,1.26,1.59,1.81,2.2,2.62
2016-04-10,0.37,0.19,0.23,0.36,0.55,0.72,0.85,1.17,1.49,1.73,2.13,2.55
2016-04-17,0.37,0.21,0.22,0.36,0.54,0.74,0.9,1.22,1.53,1.77,2.16,2.58
2016-04-24,0.37,0.18,0.23,0.36,0.54,0.8,0.97,1.32,1.63,1.85,2.25,2.66
2016-05-01,0.37,0.17,0.22999999999999998,0.4,0.565,0.8049999999999999,0.96,1.3050000000000002,1.62,1.855,2.285,2.6950000000000003
2016-05-08,0.37,0.18,0.2,0.39,0.52,0.75,0.9,1.23,1.55,1.79,2.22,2.64
2016-05-15,0.37,0.25,0.26,0.37,0.53,0.74,0.88,1.2,1.51,1.75,2.18,2.6
2016-05-22,0.37,0.25,0.3,0.43,0.63,0.89,1.05,1.38,1.65,1.85,2.24,2.63
2016-05-29,0.37,0.24,0.33,0.47,0.68,0.91,1.06,1.39,1.67,1.85,2.25,2.65
2016-06-05,0.38,0.23,0.3,0.48,0.68,0.89,1.03,1.37,1.66,1.84,2.22,2.63
2016-06-12,0.38,0.2,0.26,0.43,0.59,0.78,0.93,1.23,1.51,1.71,2.08,2.51
2016-06-19,0.38,0.23,0.27,0.37,0.53,0.7,0.83,1.13,1.41,1.62,1.99,2.43
2016-06-26,0.38,0.25,0.27,0.41,0.56,0.75,0.88,1.2,1.49,1.69,2.06,2.5
2016-07-03,0.38,0.22,0.26,0.35,0.45,0.61,0.71,1.0,1.27,1.46,1.83,2.28
2016-07-10,0.39,0.26,0.28,0.36,0.46,0.58,0.69,0.95,1.2,1.38,1.72,2.14
2016-07-17,0.39,0.29,0.31,0.4,0.52,0.68,0.81,1.1,1.35,1.53,1.82,2.24
2016-07-24,0.39,0.28,0.32,0.44,0.55,0.7,0.84,1.13,1.4,1.57,1.9,2.29
2016-07-31,0.39,0.24,0.31,0.4,0.53,0.72,0.83,1.1,1.35,1.52,1.84,2.23
2016-08-07,0.4,0.24,0.28,0.41,0.51,0.67,0.78,1.07,1.35,1.55,1.88,2.29
2016-08-14,0.4,0.27,0.29,0.44,0.55,0.71,0.84,1.11,1.38,1.55,1.86,2.25
2016-08-21,0.4,0.27,0.3,0.45,0.58,0.74,0.86,1.15,1.41,1.56,1.9,2.27
2016-08-28,0.4,0.28,0.31,0.46,0.59,0.76,0.87,1.15,1.4,1.56,1.89,2.24
2016-09-04,0.4,0.25,0.33,0.47,0.61,0.8,0.92,1.18,1.44,1.57,1.9,2.23
2016-09-11,0.4,0.25,0.34,0.49,0.57,0.78,0.91,1.19,1.46,1.6,1.95,2.28
2016-09-18,0.4,0.24,0.33,0.52,0.61,0.77,0.91,1.21,1.51,1.7,2.1,2.44
2016-09-25,0.4,0.12,0.22,0.44,0.6,0.79,0.92,1.2,1.48,1.66,2.06,2.39
2016-10-02,0.4,0.15000000000000002,0.265,0.435,0.59,0.755,0.87,1.13,1.41,1.58,1.975,2.3049999999999997
2016-10-09,0.4,0.26,0.33,0.48,0.65,0.83,0.98,1.26,1.54,1.72,2.11,2.44
2016-10-16,0.4,0.26,0.33,0.46,0.66,0.85,1.0,1.28,1.58,1.77,2.17,2.5
2016-10-23,0.4,0.25,0.34,0.47,0.66,0.82,0.98,1.25,1.54,1.76,2.18,2.51
2016-10-30,0.4,0.22,0.33,0.49,0.66,0.86,1.01,1.3,1.59,1.79,2.2,2.53
2016-11-06,0.41,0.24,0.37,0.51,0.64,0.81,0.98,1.26,1.58,1.82,2.24,2.58
2016-11-13,0.41,0.3,0.45,0.56,0.72,0.9,1.12,1.49,1.84,2.07,2.52,2.88
2016-11-20,0.41,0.3,0.47,0.61,0.77,1.02,1.28,1.68,2.03,2.23,2.65,2.99
2016-11-27,0.41,0.34,0.49,0.62,0.8,1.12,1.4,1.83,2.17,2.36,2.71,3.01
2016-12-04,0.41,0.34,0.48,0.6,0.8,1.11,1.4,1.83,2.18,2.37,2.73,3.02
2016-12-11,0.54,0.38,0.51,0.63,0.84,1.12,1.41,1.84,2.19,2.39,2.77,3.08
2016-12-18,0.54,0.47,0.51,0.65,0.91,1.27,1.57,2.02,2.34,2.54,2.86,3.16
2016-12-25,0.54,0.45,0.52,0.65,0.88,1.22,1.54,2.04,2.35,2.55,2.86,3.12
2017-01-01,0.54,0.44,0.51,0.62,0.86,1.22,1.5150000000000001,1.99,2.3099999999999996,2.5,2.825,3.085
2017-01-08,0.65,0.5,0.53,0.62,0.85,1.22,1.5,1.93,2.25,2.45,2.78,3.04
2017-01-15,0.65,0.51,0.52,0.6,0.82,1.2,1.47,1.89,2.18,2.38,2.69,2.97
2017-01-22,0.65,0.48,0.53,0.62,0.82,1.21,1.5,1.93,2.24,2.42,2.74,3.0
2017-01-29,0.65,0.49,0.51,0.62,0.82,1.21,1.49,1.94,2.28,2.49,2.8,3.06
2017-02-05,0.66,0.5,0.51,0.64,0.83,1.21,1.48,1.93,2.27,2.48,2.8,3.08
2017-02-12,0.66,0.51,0.54,0.63,0.8,1.16,1.43,1.86,2.19,2.4,2.74,3.02
2017-02-19,0.66,0.51,0.53,0.66,0.82,1.22,1.5,1.95,2.26,2.45,2.8,3.05
2017-02-26,0.66,0.47,0.52,0.66,0.82,1.21,1.48,1.92,2.23,2.42,2.78,3.03
2017-03-05,0.79,0.46,0.63,0.79,0.92,1.29,1.57,1.99,2.29,2.46,2.81,3.06
2017-03-12,0.79,0.55,0.74,0.87,1.03,1.36,1.65,2.08,2.38,2.57,2.89,3.15
2017-03-19,0.79,0.71,0.73,0.89,1.02,1.35,1.63,2.05,2.34,2.53,2.89,3.14
2017-03-26,0.79,0.73,0.77,0.9,1.0,1.27,1.52,1.95,2.23,2.41,2.76,3.02
2017-04-02,0.79,0.745,0.78,0.91,1.03,1.27,1.52,1.93,2.22,2.4,2.76,3.02
2017-04-09,0.9,0.77,0.79,0.93,1.03,1.24,1.47,1.88,2.16,2.35,2.72,2.99
2017-04-16,0.9,0.76,0.81,0.94,1.04,1.24,1.44,1.81,2.09,2.28,2.65,2.92
2017-04-23,0.9,0.75,0.81,0.94,1.02,1.2,1.4,1.77,2.05,2.24,2.61,2.89
2017-04-30,0.9,0.73,0.81,0.98,1.07,1.28,1.45,1.81,2.1,2.3,2.68,2.96
2017-05-07,0.91,0.71,0.85,1.0,1.1,1.3,1.5,1.86,2.14,2.33,2.71,2.99
2017-05-14,0.91,0.71,0.9,1.04,1.13,1.35,1.55,1.93,2.2,2.39,2.78,3.03
2017-05-21,0.91,0.72,0.9,1.02,1.1,1.28,1.45,1.79,2.05,2.23,2.65,2.91
2017-05-28,0.91,0.75,0.93,1.08,1.16,1.3,1.46,1.79,2.06,2.25,2.65,2.92
2017-06-04,0.91,0.82,0.98,1.07,1.16,1.28,1.44,1.76,2.02,2.21,2.6,2.87
2017-06-11,1.04,0.83,1.0,1.09,1.17,1.32,1.45,1.74,1.99,2.18,2.56,2.84
2017-06-18,1.04,0.86,1.01,1.12,1.21,1.35,1.49,1.76,1.98,2.16,2.53,2.79
2017-06-25,1.04,0.85,0.99,1.12,1.22,1.36,1.5,1.77,1.99,2.16,2.48,2.73
2017-07-02,1.04,0.86,1.025,1.1349999999999998,1.225,1.38,1.53,1.84,2.075,2.245,2.57,2.795
2017-07-09,1.15,0.96,1.05,1.14,1.24,1.41,1.6,1.93,2.19,2.35,2.65,2.86
2017-07-16,1.15,0.95,1.05,1.13,1.22,1.37,1.55,1.89,2.16,2.35,2.69,2.92
2017-07-23,1.15,0.99,1.11,1.11,1.22,1.36,1.52,1.82,2.08,2.27,2.61,2.85
2017-07-30,1.15,1.0,1.13,1.13,1.23,1.36,1.52,1.83,2.1,2.3,2.65,2.89
2017-08-06,1.16,1.0,1.08,1.14,1.23,1.34,1.51,1.82,2.08,2.27,2.61,2.85
2017-08-13,1.16,1.0,1.05,1.14,1.22,1.33,1.5,1.81,2.06,2.24,2.59,2.82
2017-08-20,1.16,0.97,1.02,1.13,1.24,1.33,1.48,1.77,2.04,2.22,2.57,2.81
2017-08-27,1.16,0.98,1.0,1.11,1.23,1.33,1.47,1.77,2.0,2.18,2.52,2.77
2017-09-03,1.16,0.96,1.02,1.11,1.23,1.33,1.44,1.72,1.97,2.15,2.49,2.75
2017-09-10,1.15,0.98,1.04,1.14,1.23,1.3,1.4,1.65,1.9,2.07,2.43,2.69
2017-09-17,1.15,0.99,1.05,1.16,1.27,1.35,1.48,1.78,2.01,2.2,2.52,2.77
2017-09-24,1.15,0.97,1.04,1.19,1.31,1.45,1.58,1.88,2.1,2.26,2.57,2.8
2017-10-01,1.15,0.97,1.06,1.19,1.31,1.45,1.59,1.89,2.13,2.31,2.62,2.86
2017-10-08,1.15,1.01,1.07,1.21,1.33,1.49,1.63,1.94,2.17,2.34,2.64,2.87
2017-10-15,1.15,1.03,1.09,1.26,1.4,1.51,1.66,1.95,2.17,2.35,2.64,2.88
2017-10-22,1.15,0.97,1.1,1.24,1.42,1.54,1.68,1.95,2.15,2.3,2.58,2.82
